{
  "n_prompts": 50,
  "max_new_tokens": 100,
  "batch_size": 8,
  "results": {
    "serial": {
      "time": 62.843607902526855,
      "gen_tokens": 3639,
      "qps": 0.7956258666363039,
      "tps": 57.90565057379019
    },
    "batch": {
      "time": 13.108866691589355,
      "gen_tokens": 3711,
      "qps": 3.814212256203657,
      "tps": 283.0908336554354
    },
    "vllm": {
      "time": 1.1475772857666016,
      "gen_tokens": 3492,
      "qps": 43.57005024424053,
      "tps": 3042.9323090577586
    }
  }
}